-- phpMyAdmin SQL Dump
-- version 5.2.1
-- https://www.phpmyadmin.net/
--
-- Servidor: localhost
-- Tiempo de generación: 07-08-2023 a las 06:10:57
-- Versión del servidor: 10.4.28-MariaDB
-- Versión de PHP: 8.0.28

SET SQL_MODE = "NO_AUTO_VALUE_ON_ZERO";
START TRANSACTION;
SET time_zone = "+00:00";


/*!40101 SET @OLD_CHARACTER_SET_CLIENT=@@CHARACTER_SET_CLIENT */;
/*!40101 SET @OLD_CHARACTER_SET_RESULTS=@@CHARACTER_SET_RESULTS */;
/*!40101 SET @OLD_COLLATION_CONNECTION=@@COLLATION_CONNECTION */;
/*!40101 SET NAMES utf8mb4 */;

--
-- Base de datos: `desis_form`
--

-- --------------------------------------------------------

--
-- Estructura de tabla para la tabla `candidatos`
--

CREATE TABLE `candidatos` (
  `id` int(255) NOT NULL,
  `id_comuna` int(255) NOT NULL,
  `name_candidato` varchar(255) NOT NULL
) ENGINE=InnoDB DEFAULT CHARSET=utf8mb4 COLLATE=utf8mb4_general_ci;

--
-- Volcado de datos para la tabla `candidatos`
--

INSERT INTO `candidatos` (`id`, `id_comuna`, `name_candidato`) VALUES
(1, 16, 'María López'),
(2, 173, 'Pedro Sánchez'),
(3, 10, 'Ana García'),
(4, 52, 'José Fernández'),
(5, 78, 'Isabel González'),
(6, 20, 'David Rodríguez'),
(7, 140, 'Laura Gómez'),
(8, 174, 'Miguel Torres'),
(9, 120, 'Paula Martínez'),
(10, 45, 'Luis Hernández'),
(11, 138, 'Sara Díaz'),
(12, 142, 'Antonio Jiménez'),
(13, 175, 'Teresa Romero'),
(14, 101, 'Francisco Moreno'),
(15, 62, 'Carmen Castillo'),
(16, 21, 'Alejandro Ruiz'),
(17, 74, 'Amelia Blanco'),
(18, 146, 'Daniel Sánchez'),
(19, 32, 'Julia García'),
(20, 152, 'Jorge Fernández'),
(21, 43, 'Inmaculada González'),
(22, 53, 'Rafael Torres'),
(23, 166, 'Nuria Martínez'),
(24, 46, 'Óscar Hernández'),
(25, 169, 'Vanesa Díaz'),
(26, 149, 'Aitor Jiménez'),
(27, 65, 'Beatriz Romero'),
(28, 9, 'Iván Moreno'),
(29, 164, 'Laura Castillo'),
(30, 15, 'Pablo Ruiz'),
(31, 149, 'Clara Blanco'),
(32, 121, 'Alejandro Sánchez'),
(33, 154, 'Amelia García'),
(34, 30, 'Daniel Fernández'),
(35, 168, 'Julia González'),
(36, 55, 'Jorge Torres'),
(37, 158, 'Inmaculada Martínez'),
(38, 117, 'Rafael Hernández'),
(39, 38, 'Nuria Díaz'),
(40, 156, 'Óscar Jiménez'),
(41, 100, 'Vanesa Romero'),
(42, 26, 'Aitor Moreno'),
(43, 125, 'Beatriz Castillo'),
(44, 177, 'Iván Ruiz'),
(45, 40, 'Laura Blanco'),
(46, 141, 'Pablo Sánchez'),
(47, 160, 'Clara García'),
(48, 162, 'Alejandro Fernández'),
(49, 113, 'Amelia González'),
(50, 171, 'Daniel Torres'),
(51, 33, 'Julia Martínez'),
(52, 175, 'Jorge Hernández'),
(53, 24, 'Inmaculada Díaz'),
(54, 41, 'Rafael Jiménez'),
(55, 86, 'Nuria Romero'),
(56, 4, 'Óscar Moreno'),
(57, 72, 'Vanesa Castillo'),
(58, 177, 'Aitor Ruiz'),
(59, 150, 'Beatriz Blanco'),
(60, 77, 'Iván Sánchez'),
(61, 54, 'Laura García'),
(62, 63, 'Pablo Fernández'),
(63, 102, 'Clara González'),
(64, 104, 'Alejandro Torres'),
(65, 29, 'Amelia Martínez'),
(66, 83, 'Daniel Hernández'),
(67, 56, 'Julia Díaz'),
(68, 119, 'Jorge Jiménez'),
(69, 126, 'Inmaculada Romero'),
(70, 56, 'Rafael Moreno'),
(71, 159, 'Nuria Castillo'),
(72, 169, 'Óscar Ruiz'),
(73, 137, 'Vanesa Blanco'),
(74, 28, 'Aitor Sánchez'),
(75, 73, 'Beatriz García'),
(76, 68, 'Iván Fernández'),
(77, 6, 'Laura González'),
(78, 106, 'Pablo Torres'),
(79, 174, 'Clara Martínez'),
(80, 58, 'Alejandro Hernández'),
(81, 136, 'Amelia Díaz'),
(82, 147, 'Daniel Jiménez'),
(83, 2, 'Julia Romero'),
(84, 85, 'Jorge Moreno'),
(85, 88, 'Inmaculada Castillo'),
(86, 10, 'Rafael Ruiz'),
(87, 92, 'Nuria Blanco'),
(88, 121, 'Óscar Sánchez'),
(89, 117, 'Vanesa García'),
(90, 16, 'Aitor Fernández'),
(91, 10, 'Beatriz González'),
(92, 178, 'Iván Torres'),
(93, 36, 'Laura Martínez'),
(94, 48, 'Pablo Hernández'),
(95, 57, 'Clara Díaz'),
(96, 24, 'Rosa Flores'),
(97, 4, 'Manuel Castillo'),
(98, 50, 'Julia García'),
(99, 17, 'Daniel Sánchez'),
(100, 159, 'Jorge Fernández'),
(101, 55, 'Inmaculada González'),
(102, 17, 'Rafael Torres'),
(103, 120, 'Nuria Martínez'),
(104, 66, 'Óscar Hernández'),
(105, 90, 'Vanesa Díaz'),
(106, 127, 'Lionel Messi'),
(107, 79, 'Cristiano Ronaldo'),
(108, 129, 'Neymar Jr.'),
(109, 71, 'Robert Lewandowski'),
(110, 147, 'Kylian Mbappé'),
(111, 74, 'Mohamed Salah'),
(112, 71, 'Kevin De Bruyne'),
(113, 111, 'Harry Kane'),
(114, 112, 'Robert Lewandowski'),
(115, 77, 'Jadon Sancho'),
(116, 15, 'Erling Haaland'),
(117, 19, 'Riyad Mahrez'),
(118, 11, 'Bruno Fernandes'),
(119, 143, 'Antoine Griezmann'),
(120, 63, 'Paul Pogba'),
(121, 131, 'Sadio Mane'),
(122, 128, 'Kylian Mbappé'),
(123, 62, 'Lautaro Martínez'),
(124, 70, 'Harry Kane'),
(125, 16, 'Raphael Varane'),
(126, 50, 'Ruben Dias'),
(127, 164, 'Virgil van Dijk'),
(128, 35, 'Trent Alexander-Arnold'),
(129, 64, 'Kylian Mbappé'),
(130, 115, 'Lautaro Martínez'),
(131, 27, 'Harry Kane'),
(132, 154, 'Raphael Varane'),
(133, 22, 'Ruben Dias'),
(134, 47, 'Virgil van Dijk'),
(135, 177, 'Trent Alexander-Arnold'),
(136, 33, 'Kylian Mbappé'),
(137, 97, 'Lautaro Martínez'),
(138, 66, 'Harry Kane'),
(139, 69, 'Raphael Varane'),
(140, 168, 'Ruben Dias'),
(141, 171, 'Virgil van Dijk'),
(142, 125, 'Trent Alexander-Arnold'),
(143, 135, 'Kylian Mbappé'),
(144, 162, 'Lautaro Martínez'),
(145, 87, 'Harry Kane'),
(146, 145, 'Raphael Varane'),
(147, 131, 'Ruben Dias'),
(148, 20, 'Virgil van Dijk'),
(149, 67, 'Trent Alexander-Arnold'),
(150, 34, 'Kylian Mbappé'),
(151, 60, 'Lautaro Martínez'),
(152, 50, 'Harry Kane'),
(153, 13, 'Raphael Varane'),
(154, 40, 'Ruben Dias'),
(155, 112, 'Virgil van Dijk'),
(156, 51, 'Trent Alexander-Arnold'),
(157, 93, 'Kylian Mbappé'),
(158, 31, 'Lautaro Martínez'),
(159, 169, 'Harry Kane'),
(160, 101, 'Raphael Varane'),
(161, 87, 'Ruben Dias'),
(162, 103, 'Virgil van Dijk'),
(163, 135, 'Trent Alexander-Arnold'),
(164, 40, 'Kylian Mbappé'),
(165, 150, 'Lautaro Martínez'),
(166, 63, 'Harry Kane'),
(167, 7, 'Raphael Varane'),
(168, 90, 'Ruben Dias'),
(169, 151, 'Virgil van Dijk'),
(170, 133, 'Trent Alexander-Arnold'),
(171, 96, 'Kylian Mbappé'),
(172, 165, 'Lautaro Martínez'),
(173, 76, 'Harry Kane'),
(174, 127, 'Raphael Varane'),
(175, 79, 'Ruben Dias'),
(176, 165, 'Virgil van Dijk'),
(177, 99, 'Trent Alexander-Arnold'),
(178, 133, 'Kylian Mbappé'),
(179, 74, 'Lautaro Martínez'),
(180, 168, 'Harry Kane'),
(181, 123, 'Raphael Varane'),
(182, 41, 'Ruben Dias'),
(183, 67, 'Virgil van Dijk'),
(184, 57, 'Trent Alexander-Arnold'),
(185, 161, 'Kylian Mbappé'),
(186, 162, 'Lautaro Martínez'),
(187, 17, 'Harry Kane'),
(188, 50, 'Raphael Varane'),
(189, 59, 'Ruben Dias'),
(190, 76, 'Virgil van Dijk'),
(191, 141, 'Trent Alexander-Arnold'),
(192, 45, 'Kylian Mbappé'),
(193, 93, 'Lautaro Martínez'),
(194, 51, 'Harry Kane'),
(195, 121, 'Raphael Varane'),
(196, 10, 'Ruben Dias'),
(197, 37, 'Virgil van Dijk'),
(198, 102, 'Trent Alexander-Arnold'),
(199, 29, 'Kylian Mbappé'),
(200, 129, 'Lautaro Martínez'),
(201, 146, 'Harry Kane'),
(202, 7, 'Raphael Varane'),
(203, 55, 'Ruben Dias'),
(204, 157, 'Virgil van Dijk'),
(205, 28, 'Trent Alexander-Arnold'),
(206, 117, 'Kylian Mbappé'),
(207, 38, 'Lautaro Martínez'),
(208, 20, 'Harry Kane'),
(209, 167, 'Raphael Varane'),
(210, 108, 'Ruben Dias'),
(211, 160, 'Virgil van Dijk'),
(212, 33, 'Trent Alexander-Arnold'),
(213, 155, 'Kylian Mbappé'),
(214, 162, 'Lautaro Martínez'),
(215, 170, 'Harry Kane'),
(216, 114, 'Raphael Varane'),
(217, 32, 'Ruben Dias'),
(218, 68, 'Virgil van Dijk'),
(219, 93, 'Trent Alexander-Arnold'),
(220, 167, 'Kylian Mbappé'),
(221, 71, 'Lautaro Martínez'),
(222, 137, 'Harry Kane'),
(223, 4, 'Raphael Varane'),
(224, 20, 'Ruben Dias'),
(225, 132, 'Virgil van Dijk'),
(226, 66, 'Trent Alexander-Arnold'),
(227, 56, 'Kylian Mbappé'),
(228, 157, 'Lautaro Martínez'),
(229, 126, 'Harry Kane'),
(230, 146, 'Raphael Varane'),
(231, 40, 'Ruben Dias'),
(232, 76, 'Virgil van Dijk'),
(233, 76, 'Trent Alexander-Arnold'),
(234, 18, 'Kylian Mbappé'),
(235, 134, 'Lautaro Martínez'),
(236, 80, 'Harry Kane'),
(237, 37, 'Raphael Varane'),
(238, 89, 'Ruben Dias'),
(239, 62, 'Leonardo DiCaprio'),
(240, 151, 'Brad Pitt'),
(241, 130, 'Tom Hanks'),
(242, 88, 'Johnny Depp'),
(243, 5, 'Will Smith'),
(244, 167, 'Matt Damon'),
(245, 21, 'George Clooney'),
(246, 64, 'Robert Downey Jr.'),
(247, 175, 'Ben Affleck'),
(248, 84, 'Dwayne Johnson'),
(249, 28, 'Scarlett Johansson'),
(250, 64, 'Jennifer Lawrence'),
(251, 66, 'Emma Watson'),
(252, 90, 'Anne Hathaway'),
(253, 45, 'Meryl Streep'),
(254, 96, 'Julia Roberts'),
(255, 91, 'Nicole Kidman'),
(256, 47, 'Angelina Jolie'),
(257, 7, 'Jennifer Aniston'),
(258, 109, 'Reese Witherspoon'),
(259, 115, 'Chris Hemsworth'),
(260, 139, 'Chris Pratt'),
(261, 122, 'Chris Evans'),
(262, 21, 'Ryan Reynolds'),
(263, 63, 'Bradley Cooper'),
(264, 48, 'Ben Stiller'),
(265, 54, 'Kevin Hart'),
(266, 4, 'Will Ferrell'),
(267, 69, 'Mark Wahlberg'),
(268, 173, 'Jason Statham'),
(269, 36, 'Denzel Washington'),
(270, 68, 'Tom Cruise'),
(271, 120, 'George Clooney'),
(272, 11, 'Robert Downey Jr.'),
(273, 9, 'Ben Affleck'),
(274, 147, 'Dwayne Johnson'),
(275, 45, 'Scarlett Johansson'),
(276, 18, 'Jennifer Lawrence'),
(277, 150, 'Emma Watson'),
(278, 2, 'Anne Hathaway'),
(279, 173, 'Meryl Streep'),
(280, 63, 'Julia Roberts'),
(281, 132, 'Nicole Kidman'),
(282, 110, 'Angelina Jolie'),
(283, 162, 'Jennifer Aniston'),
(284, 133, 'Reese Witherspoon'),
(285, 50, 'Chris Hemsworth'),
(286, 101, 'Chris Pratt'),
(287, 132, 'Chris Evans'),
(288, 148, 'Ryan Reynolds'),
(289, 157, 'Bradley Cooper'),
(290, 114, 'Ben Stiller'),
(291, 96, 'Kevin Hart'),
(292, 38, 'Will Ferrell'),
(293, 11, 'Mark Wahlberg'),
(294, 137, 'Jason Statham'),
(295, 166, 'Denzel Washington'),
(296, 144, 'Tom Cruise'),
(297, 108, 'George Clooney'),
(298, 78, 'Robert Downey Jr.'),
(299, 132, 'Ben Affleck'),
(300, 2, 'Dwayne Johnson'),
(301, 131, 'Scarlett Johansson'),
(302, 126, 'Jennifer Lawrence'),
(303, 75, 'Emma Watson'),
(304, 121, 'Anne Hathaway'),
(305, 170, 'Meryl Streep'),
(306, 121, 'Julia Roberts'),
(307, 66, 'Nicole Kidman'),
(308, 85, 'Angelina Jolie'),
(309, 29, 'Jennifer Aniston'),
(310, 174, 'Reese Witherspoon'),
(311, 126, 'Chris Hemsworth'),
(312, 177, 'Chris Pratt'),
(313, 124, 'Chris Evans'),
(314, 83, 'Ryan Reynolds'),
(315, 112, 'Bradley Cooper'),
(316, 86, 'Ben Stiller'),
(317, 3, 'Kevin Hart'),
(318, 149, 'Will Ferrell'),
(319, 3, 'Mark Wahlberg'),
(320, 111, 'Jason Statham'),
(321, 35, 'Denzel Washington'),
(322, 31, 'Tom Cruise'),
(323, 58, 'George Clooney'),
(324, 37, 'Robert Downey Jr.'),
(325, 151, 'Ben Affleck'),
(326, 64, 'Dwayne Johnson'),
(327, 155, 'Scarlett Johansson'),
(328, 22, 'Jennifer Lawrence'),
(329, 110, 'Emma Watson'),
(330, 123, 'Anne Hathaway'),
(331, 69, 'Meryl Streep'),
(332, 14, 'Julia Roberts'),
(333, 88, 'Nicole Kidman'),
(334, 169, 'Angelina Jolie'),
(335, 133, 'Jennifer Aniston'),
(336, 91, 'Reese Witherspoon'),
(337, 151, 'Chris Hemsworth'),
(338, 107, 'Chris Pratt'),
(339, 55, 'Chris Evans'),
(340, 65, 'Ryan Reynolds'),
(341, 98, 'Bradley Cooper'),
(342, 21, 'Ben Stiller'),
(343, 168, 'Kevin Hart'),
(344, 165, 'Will Ferrell'),
(345, 110, 'Mark Wahlberg'),
(346, 51, 'Jason Statham'),
(347, 79, 'Denzel Washington'),
(348, 96, 'Tom Cruise'),
(349, 53, 'George Clooney'),
(350, 3, 'Robert Downey Jr.'),
(351, 169, 'Ben Affleck'),
(352, 160, 'Dwayne Johnson'),
(353, 179, 'Scarlett Johansson'),
(354, 159, 'Jennifer Lawrence'),
(355, 157, 'Emma Watson'),
(356, 51, 'Anne Hathaway'),
(357, 47, 'Meryl Streep'),
(358, 40, 'Julia Roberts'),
(359, 136, 'Nicole Kidman'),
(360, 125, 'Angelina Jolie'),
(361, 109, 'Jennifer Aniston'),
(362, 15, 'Reese Witherspoon'),
(363, 43, 'Chris Hemsworth'),
(364, 25, 'Chris Pratt'),
(365, 23, 'Chris Evans'),
(366, 130, 'Ryan Reynolds'),
(367, 153, 'Bradley Cooper'),
(368, 40, 'Ben Stiller'),
(369, 70, 'Kevin Hart'),
(370, 121, 'Will Ferrell'),
(371, 48, 'Mark Wahlberg'),
(372, 38, 'Jason Statham'),
(373, 85, 'Denzel Washington'),
(374, 27, 'Tom Cruise'),
(375, 12, 'George Clooney'),
(376, 4, 'Robert Downey Jr.'),
(377, 42, 'Ben Affleck'),
(378, 149, 'Dwayne Johnson'),
(379, 2, 'Scarlett Johansson'),
(380, 96, 'Jennifer Lawrence'),
(381, 32, 'Emma Watson'),
(382, 153, 'Anne Hathaway'),
(383, 107, 'Meryl Streep'),
(384, 137, 'Julia Roberts'),
(385, 123, 'Nicole Kidman'),
(386, 118, 'Angelina Jolie'),
(387, 167, 'Jennifer Aniston'),
(388, 71, 'Reese Witherspoon'),
(389, 109, 'Chris Hemsworth'),
(390, 137, 'Chris Pratt'),
(391, 116, 'Chris Evans'),
(392, 30, 'Ryan Reynolds'),
(393, 136, 'Bradley Cooper'),
(394, 86, 'Billie Eilish'),
(395, 168, 'Ariana Grande'),
(396, 73, 'Olivia Rodrigo'),
(397, 118, 'Taylor Swift'),
(398, 92, 'BTS'),
(399, 66, 'Ed Sheeran'),
(400, 12, 'Dua Lipa'),
(401, 152, 'The Weeknd'),
(402, 169, 'Post Malone'),
(403, 133, 'Justin Bieber'),
(404, 69, 'Adele'),
(405, 2, 'Coldplay'),
(406, 116, 'Imagine Dragons'),
(407, 159, 'The Chainsmokers'),
(408, 48, 'Maroon 5'),
(409, 44, 'Katy Perry'),
(410, 60, 'Lady Gaga'),
(411, 153, 'Demi Lovato'),
(412, 162, 'Nicki Minaj'),
(413, 164, 'Rihanna'),
(414, 4, 'Selena Gomez'),
(415, 164, 'Halsey'),
(416, 140, 'Shawn Mendes'),
(417, 34, 'Liam Payne'),
(418, 177, 'Harry Styles'),
(419, 103, 'Louis Tomlinson'),
(420, 113, 'Niall Horan'),
(421, 12, 'Zayn Malik'),
(422, 45, 'J Balvin'),
(423, 35, 'Ozuna'),
(424, 158, 'Bad Bunny'),
(425, 58, 'Anuel AA'),
(426, 128, 'Daddy Yankee'),
(427, 45, 'Maluma'),
(428, 6, 'Jhay Cortez'),
(429, 173, 'Sebastián Yatra'),
(430, 38, 'Wisin'),
(431, 73, 'Yandel'),
(432, 66, 'Farruko'),
(433, 35, 'CNCO'),
(434, 78, 'Reik'),
(435, 115, 'Maná'),
(436, 99, 'Luis Miguel'),
(437, 173, 'Juanes'),
(438, 72, 'Shakira'),
(439, 81, 'Enrique Iglesias'),
(440, 88, 'Carlos Vives'),
(441, 34, 'Ricky Martin'),
(442, 104, 'Pablo Alborán'),
(443, 137, 'Alejandro Sanz'),
(444, 111, 'Camila Cabello'),
(445, 99, 'Gloria Trevi'),
(446, 59, 'Fito Páez'),
(447, 79, 'Diego Torres'),
(448, 102, 'Natalia Lafourcade'),
(449, 12, 'Zoé'),
(450, 81, 'Mon Laferte'),
(451, 106, 'Julieta Venegas'),
(452, 21, 'Maná'),
(453, 143, 'Luis Miguel'),
(454, 131, 'Juanes'),
(455, 167, 'Shakira'),
(456, 2, 'Enrique Iglesias'),
(457, 18, 'Carlos Vives'),
(458, 147, 'Ricky Martin'),
(459, 127, 'Pablo Alborán'),
(460, 136, 'Alejandro Sanz'),
(461, 28, 'Camila Cabello'),
(462, 28, 'Gloria Trevi'),
(463, 47, 'Fito Páez'),
(464, 128, 'Diego Torres'),
(465, 77, 'Natalia Lafourcade'),
(466, 170, 'Zoé'),
(467, 176, 'Mon Laferte'),
(468, 54, 'Julieta Venegas'),
(469, 137, 'Maná'),
(470, 101, 'Luis Miguel'),
(471, 81, 'Juanes'),
(472, 99, 'Shakira'),
(473, 27, 'Enrique Iglesias'),
(474, 120, 'Carlos Vives'),
(475, 115, 'Ricky Martin'),
(476, 76, 'Pablo Alborán'),
(477, 32, 'Alejandro Sanz'),
(478, 26, 'Camila Cabello'),
(479, 3, 'Gloria Trevi'),
(480, 178, 'Fito Páez'),
(481, 70, 'Diego Torres'),
(482, 5, 'Natalia Lafourcade'),
(483, 34, 'Zoé'),
(484, 39, 'Mon Laferte'),
(485, 179, 'Julieta Venegas'),
(486, 94, 'Maná'),
(487, 160, 'Luis Miguel'),
(488, 19, 'Juanes'),
(489, 68, 'Shakira'),
(490, 72, 'Enrique Iglesias'),
(491, 92, 'Carlos Vives'),
(492, 12, 'Ricky Martin'),
(493, 85, 'Pablo Alborán'),
(494, 117, 'Alejandro Sanz'),
(495, 8, 'Camila Cabello'),
(496, 23, 'Gloria Trevi'),
(497, 56, 'Fito Páez'),
(498, 89, 'Diego Torres'),
(499, 178, 'Natalia Lafourcade'),
(500, 66, 'Zoé'),
(501, 39, 'Mon Laferte'),
(502, 156, 'Julieta Venegas'),
(503, 140, 'Maná'),
(504, 94, 'Luis Miguel'),
(505, 177, 'Juanes'),
(506, 136, 'Shakira'),
(507, 63, 'Enrique Iglesias'),
(508, 111, 'Carlos Vives'),
(509, 36, 'Ricky Martin'),
(510, 55, 'Pablo Alborán'),
(511, 66, 'Alejandro Sanz'),
(512, 44, 'Camila Cabello'),
(513, 90, 'Gloria Trevi'),
(514, 89, 'Fito Páez'),
(515, 47, 'Diego Torres'),
(516, 135, 'Natalia Lafourcade'),
(517, 136, 'Zoé'),
(518, 23, 'Mon Laferte'),
(519, 45, 'Julieta Venegas'),
(520, 12, 'Maná'),
(521, 165, 'Luis Miguel'),
(522, 3, 'Juanes'),
(523, 171, 'Shakira'),
(524, 125, 'Enrique Iglesias'),
(525, 72, 'Carlos Vives'),
(526, 171, 'Ricky Martin'),
(527, 13, 'Pablo Alborán'),
(528, 150, 'Alejandro Sanz'),
(529, 130, 'Camila Cabello'),
(530, 169, 'Gloria Trevi'),
(531, 1, 'Fito Páez'),
(532, 69, 'Diego Torres'),
(533, 56, 'Natalia Lafourcade'),
(534, 9, 'Zoé'),
(535, 107, 'Mon Laferte'),
(536, 178, 'Julieta Venegas'),
(537, 113, 'Maná');

-- --------------------------------------------------------

--
-- Estructura de tabla para la tabla `comunas`
--

CREATE TABLE `comunas` (
  `id` int(255) NOT NULL,
  `id_region` int(255) NOT NULL,
  `name_comuna` varchar(255) NOT NULL
) ENGINE=InnoDB DEFAULT CHARSET=utf8mb4 COLLATE=utf8mb4_general_ci;

--
-- Volcado de datos para la tabla `comunas`
--

INSERT INTO `comunas` (`id`, `id_region`, `name_comuna`) VALUES
(1, 1, 'Arica'),
(2, 1, 'Camarones'),
(3, 1, 'Putre'),
(4, 1, 'General Lagos'),
(5, 2, 'Iquique'),
(6, 2, 'Alto Hospicio'),
(7, 2, 'Pica'),
(8, 2, 'Tamarugal'),
(9, 2, 'Camiña'),
(10, 2, 'Colchane'),
(11, 2, 'Huara'),
(12, 3, 'Antofagasta'),
(13, 3, 'Mejillones'),
(14, 3, 'Calama'),
(15, 3, 'Tocopilla'),
(16, 3, 'María Elena'),
(17, 4, 'Copiapó'),
(18, 4, 'Caldera'),
(19, 4, 'Copiapó'),
(20, 4, 'Tierra Amarilla'),
(21, 4, 'Vallenar'),
(22, 5, 'La Serena'),
(23, 5, 'Coquimbo'),
(24, 5, 'Ovalle'),
(25, 5, 'Andacollo'),
(26, 5, 'Combarbalá'),
(27, 5, 'Monte Patria'),
(28, 5, 'Punitaqui'),
(29, 5, 'Río Hurtado'),
(30, 6, 'Valparaíso'),
(31, 6, 'Viña del Mar'),
(32, 6, 'Quilpué'),
(33, 6, 'Villa Alemana'),
(34, 6, 'Quilpué'),
(35, 6, 'Villa Alemana'),
(36, 6, 'Concón'),
(37, 6, 'Quintero'),
(38, 6, 'Puchuncaví'),
(39, 6, 'Casablanca'),
(40, 6, 'Valparaíso'),
(41, 6, 'Viña del Mar'),
(42, 6, 'Quilpué'),
(43, 6, 'Villa Alemana'),
(44, 6, 'Concón'),
(45, 6, 'Quintero'),
(46, 6, 'Puchuncaví'),
(47, 6, 'Casablanca'),
(48, 6, 'San Felipe'),
(49, 6, 'Putaendo'),
(50, 6, 'Santa María'),
(51, 6, 'El Tabo'),
(52, 6, 'El Quisco'),
(53, 6, 'Algarrobo'),
(54, 6, 'Cartagena'),
(55, 7, 'Santiago'),
(56, 7, 'Cerrillos'),
(57, 7, 'Colina'),
(58, 7, 'Estación Central'),
(59, 7, 'Independencia'),
(60, 7, 'La Florida'),
(61, 7, 'Las Condes'),
(62, 7, 'Lo Barnechea'),
(63, 7, 'Lo Espejo'),
(64, 7, 'Lo Prado'),
(65, 7, 'Macul'),
(66, 7, 'Maipú'),
(67, 7, 'Ñuñoa'),
(68, 7, 'Peñalolén'),
(69, 7, 'Providencia'),
(70, 7, 'Pudahuel'),
(71, 7, 'Quilicura'),
(72, 7, 'Quinta Normal'),
(73, 7, 'Recoleta'),
(74, 7, 'Renca'),
(75, 7, 'San Bernardo'),
(76, 7, 'San Joaquín'),
(77, 7, 'San Miguel'),
(78, 7, 'San Ramón'),
(79, 7, 'Santiago Centro'),
(80, 7, 'Talagante'),
(81, 7, 'Vitacura'),
(82, 8, 'Rancagua'),
(83, 8, 'Machalí'),
(84, 8, 'Graneros'),
(85, 8, 'Rengo'),
(86, 8, 'San Fernando'),
(87, 8, 'Pichilemu'),
(88, 8, 'Chimbarongo'),
(89, 8, 'Nancagua'),
(90, 8, 'Oliva'),
(91, 8, 'Peumo'),
(92, 8, 'Pichilemu'),
(93, 8, 'Chimbarongo'),
(94, 8, 'Nancagua'),
(95, 8, 'Oliva'),
(96, 8, 'Peumo'),
(97, 8, 'San Vicente'),
(98, 9, 'Talca'),
(99, 9, 'Curicó'),
(100, 9, 'Linares'),
(101, 9, 'Cauquenes'),
(102, 9, 'Talca'),
(103, 9, 'Curicó'),
(104, 9, 'Linares'),
(105, 9, 'Cauquenes'),
(106, 9, 'Constitución'),
(107, 9, 'Empedrado'),
(108, 9, 'Maule'),
(109, 9, 'Pelarco'),
(110, 9, 'San Javier'),
(111, 9, 'Linares'),
(112, 9, 'San Javier'),
(113, 9, 'Villa Alegre'),
(114, 10, 'Concepción'),
(115, 10, 'Talcahuano'),
(116, 10, 'San Pedro de la Paz'),
(117, 10, 'Coronel'),
(118, 10, 'Lota'),
(119, 10, 'Penco'),
(120, 10, 'Tomé'),
(121, 10, 'Chiguayante'),
(122, 10, 'Hualpén'),
(123, 10, 'Concepción'),
(124, 10, 'Talcahuano'),
(125, 10, 'San Pedro de la Paz'),
(126, 10, 'Coronel'),
(127, 10, 'Lota'),
(128, 10, 'Penco'),
(129, 10, 'Tomé'),
(130, 10, 'Chiguayante'),
(131, 10, 'Hualpén'),
(132, 10, 'Lota'),
(133, 10, 'Lebu'),
(134, 10, 'Arauco'),
(135, 10, 'Cañete'),
(136, 10, 'Curanilahue'),
(137, 10, 'Los Ángeles'),
(138, 12, 'Temuco'),
(139, 12, 'Padre Las Casas'),
(140, 12, 'Villarrica'),
(141, 12, 'Pucón'),
(142, 12, 'Angol'),
(143, 12, 'Lautaro'),
(144, 12, 'Loncoche'),
(145, 12, 'Melipeuco'),
(146, 12, 'Pitrufquén'),
(147, 12, 'Pucón'),
(148, 12, 'Villarrica'),
(149, 12, 'Angol'),
(150, 12, 'Lautaro'),
(151, 12, 'Loncoche'),
(152, 12, 'Melipeuco'),
(153, 12, 'Pitrufquén'),
(154, 12, 'Temuco'),
(155, 12, 'Traiguén'),
(156, 12, 'Nueva Imperial'),
(157, 12, 'Carahue'),
(158, 12, 'Saavedra'),
(159, 12, 'Galvarino'),
(160, 12, 'Cholchol'),
(161, 12, 'Toltén'),
(162, 13, 'Valdivia'),
(163, 13, 'Panguipulli'),
(164, 13, 'Los Lagos'),
(165, 13, 'Lanco'),
(166, 13, 'Río Bueno'),
(167, 14, 'Puerto Montt'),
(168, 14, 'Castro'),
(169, 14, 'Osorno'),
(170, 14, 'Ancud'),
(171, 14, 'Quellón'),
(172, 15, 'Coyhaique'),
(173, 15, 'Chile Chico'),
(174, 15, 'Aysén'),
(175, 15, 'Puerto Tranquilo'),
(176, 15, 'Cochrane'),
(177, 16, 'Punta Arenas'),
(178, 16, 'Porvenir'),
(179, 16, 'Puerto Natales');

-- --------------------------------------------------------

--
-- Estructura de tabla para la tabla `regiones`
--

CREATE TABLE `regiones` (
  `id` int(255) NOT NULL,
  `name_region` text NOT NULL
) ENGINE=InnoDB DEFAULT CHARSET=utf8mb4 COLLATE=utf8mb4_general_ci;

--
-- Volcado de datos para la tabla `regiones`
--

INSERT INTO `regiones` (`id`, `name_region`) VALUES
(1, 'Región de Arica y Parinacota'),
(2, 'Región de Tarapacá'),
(3, 'Región de Antofagasta'),
(4, 'Región de Atacama'),
(5, 'Región de Coquimbo'),
(6, 'Región de Valparaíso'),
(7, 'Región Metropolitana de Santiago'),
(8, 'Región de O Higgins'),
(9, 'Región del Maule'),
(10, 'Región del Biobío'),
(11, 'Región de La Araucanía'),
(12, 'Región de Los Ríos'),
(13, 'Región de Los Lagos'),
(14, 'Región de Aysén del General Carlos Ibáñez del Campo'),
(15, 'Región de Magallanes y de la Antártica Chilena'),
(16, 'Region test');

-- --------------------------------------------------------

--
-- Estructura de tabla para la tabla `votos`
--

CREATE TABLE `votos` (
  `id` int(255) NOT NULL,
  `name_lastname` varchar(255) NOT NULL,
  `alias` varchar(255) NOT NULL,
  `rut` varchar(255) NOT NULL,
  `email` varchar(255) NOT NULL,
  `candidato` int(255) NOT NULL,
  `medio` varchar(255) NOT NULL
) ENGINE=InnoDB DEFAULT CHARSET=utf8mb4 COLLATE=utf8mb4_general_ci;

--
-- Volcado de datos para la tabla `votos`
--

INSERT INTO `votos` (`id`, `name_lastname`, `alias`, `rut`, `email`, `candidato`, `medio`) VALUES
(1, 'Cesar Rene Sanchez', 'este', '12.345.678-9', 'cesars.pro@gmail.com', 243, 'redes');

--
-- Índices para tablas volcadas
--

--
-- Indices de la tabla `candidatos`
--
ALTER TABLE `candidatos`
  ADD PRIMARY KEY (`id`),
  ADD KEY `fk_comunas_id` (`id_comuna`);

--
-- Indices de la tabla `comunas`
--
ALTER TABLE `comunas`
  ADD PRIMARY KEY (`id`),
  ADD KEY `fk_id_region` (`id_region`);

--
-- Indices de la tabla `regiones`
--
ALTER TABLE `regiones`
  ADD PRIMARY KEY (`id`);

--
-- Indices de la tabla `votos`
--
ALTER TABLE `votos`
  ADD PRIMARY KEY (`id`);

--
-- AUTO_INCREMENT de las tablas volcadas
--

--
-- AUTO_INCREMENT de la tabla `candidatos`
--
ALTER TABLE `candidatos`
  MODIFY `id` int(255) NOT NULL AUTO_INCREMENT, AUTO_INCREMENT=538;

--
-- AUTO_INCREMENT de la tabla `comunas`
--
ALTER TABLE `comunas`
  MODIFY `id` int(255) NOT NULL AUTO_INCREMENT, AUTO_INCREMENT=180;

--
-- AUTO_INCREMENT de la tabla `regiones`
--
ALTER TABLE `regiones`
  MODIFY `id` int(255) NOT NULL AUTO_INCREMENT, AUTO_INCREMENT=17;

--
-- AUTO_INCREMENT de la tabla `votos`
--
ALTER TABLE `votos`
  MODIFY `id` int(255) NOT NULL AUTO_INCREMENT, AUTO_INCREMENT=2;

--
-- Restricciones para tablas volcadas
--

--
-- Filtros para la tabla `candidatos`
--
ALTER TABLE `candidatos`
  ADD CONSTRAINT `fk_comunas_id` FOREIGN KEY (`id_comuna`) REFERENCES `comunas` (`id`);

--
-- Filtros para la tabla `comunas`
--
ALTER TABLE `comunas`
  ADD CONSTRAINT `fk_id_region` FOREIGN KEY (`id_region`) REFERENCES `regiones` (`id`);
COMMIT;

/*!40101 SET CHARACTER_SET_CLIENT=@OLD_CHARACTER_SET_CLIENT */;
/*!40101 SET CHARACTER_SET_RESULTS=@OLD_CHARACTER_SET_RESULTS */;
/*!40101 SET COLLATION_CONNECTION=@OLD_COLLATION_CONNECTION */;
